id,username,email,created_at
1,clearpioneer15,clearpioneer15@relay.cloud,2024-12-08 15:21:41
2,keenquartz39,keenquartz39@hackstack.io,2025-12-28 00:28:49
3,clearkernel38,clearkernel38@relay.cloud,2024-01-14 12:20:58
4,vividcanyon95,vividcanyon95@opswise.net,2024-06-13 09:30:56
5,jadevalley01,jadevalley01@seeded.app,2024-11-19 14:32:04
6,rapidgarden73,rapidgarden73@opswise.net,2025-11-24 14:46:32
7,briskcanyon03,briskcanyon03@relay.cloud,2026-01-13 06:52:08
8,silverbeacon21,silverbeacon21@opswise.net,2025-12-30 21:52:02
9,cobaltdelta23,cobaltdelta23@opswise.net,2024-02-01 10:55:12
10,jadepioneer15,jadepioneer15@opswise.net,2025-05-09 23:03:07
11,clearmeadow58,clearmeadow58@hackstack.io,2025-06-21 04:23:27
12,mellowpioneer20,mellowpioneer20@example.com,2025-12-10 01:10:12
13,dawndelta05,dawndelta05@example.com,2025-02-06 00:59:49
14,proudjourney39,proudjourney39@seeded.app,2025-09-27 12:02:11
15,harborriver35,harborriver35@relay.cloud,2025-10-24 15:45:48
16,rapidpioneer72,rapidpioneer72@seeded.app,2025-04-22 01:29:46
17,embermeadow28,embermeadow28@example.com,2024-04-09 16:22:08
18,keenanchor60,keenanchor60@seeded.app,2025-11-18 14:57:44
19,clearquartz70,clearquartz70@relay.cloud,2025-06-08 02:51:19
20,vividnetwork80,vividnetwork80@relay.cloud,2025-02-07 23:08:09
21,clearharvest62,clearharvest62@opswise.net,2025-02-12 22:15:04
22,briskcanyon81,briskcanyon81@relay.cloud,2026-01-15 22:57:26
23,cobaltdelta91,cobaltdelta91@hackstack.io,2025-01-30 06:37:36
24,forestcanyon16,forestcanyon16@opswise.net,2024-11-01 17:01:39
25,opalisland75,opalisland75@acme.dev,2025-01-08 02:52:57
26,briskquartz40,briskquartz40@hackstack.io,2025-02-21 13:17:57
27,keenzenith80,keenzenith80@acme.dev,2024-05-01 22:22:58
28,silvergarden87,silvergarden87@acme.dev,2025-09-22 07:49:29
29,livelyvalley89,livelyvalley89@opswise.net,2025-07-19 12:17:06
30,youngdelta93,youngdelta93@seeded.app,2025-01-16 02:29:46
31,youngorbit85,youngorbit85@example.com,2025-06-28 08:25:06
32,forestanchor08,forestanchor08@example.com,2025-02-16 18:07:02
33,quietorbit95,quietorbit95@seeded.app,2024-08-23 22:47:19
34,silvermeadow40,silvermeadow40@relay.cloud,2025-04-04 08:19:15
35,amberwindow98,amberwindow98@seeded.app,2024-05-19 01:50:01
36,ambervalley13,ambervalley13@opswise.net,2025-05-29 00:37:57
37,tidyjourney33,tidyjourney33@acme.dev,2024-07-09 18:33:15
38,mellowanchor30,mellowanchor30@example.com,2025-04-01 20:37:12
39,goldquartz26,goldquartz26@acme.dev,2025-07-12 11:02:40
40,warmbeacon43,warmbeacon43@hackstack.io,2025-08-25 21:13:06
41,rapidlagoon98,rapidlagoon98@opswise.net,2025-09-20 14:25:02
42,rapidsignal78,rapidsignal78@opswise.net,2025-05-23 07:43:51
43,youngbeacon06,youngbeacon06@opswise.net,2024-02-03 19:33:41
44,cobaltuplink26,cobaltuplink26@acme.dev,2026-01-03 06:26:52
45,briskwindow76,briskwindow76@relay.cloud,2025-04-14 15:13:02
46,silvervalley77,silvervalley77@seeded.app,2025-01-21 07:46:45
47,urbanengine41,urbanengine41@acme.dev,2024-08-03 09:04:13
48,navynetwork13,navynetwork13@acme.dev,2024-01-20 05:07:12
49,vividorbit26,vividorbit26@relay.cloud,2025-04-07 03:07:12
50,jadezenith94,jadezenith94@opswise.net,2025-07-05 22:35:22
51,tidyfield91,tidyfield91@hackstack.io,2026-01-01 16:13:55
52,amberbeacon71,amberbeacon71@hackstack.io,2024-05-23 12:07:53
53,quietcanyon77,quietcanyon77@hackstack.io,2024-06-25 10:41:49
54,harboranchor35,harboranchor35@hackstack.io,2024-01-03 15:15:08
55,ivoryanchor20,ivoryanchor20@acme.dev,2024-05-11 22:23:55
56,warmcanyon59,warmcanyon59@acme.dev,2025-03-30 16:22:57
57,amberquartz87,amberquartz87@hackstack.io,2025-12-18 04:15:44
58,jadejourney92,jadejourney92@acme.dev,2025-08-03 06:22:53
59,proudisland17,proudisland17@opswise.net,2024-07-28 22:15:44
60,vividorbit10,vividorbit10@acme.dev,2024-08-27 00:36:55
61,quietbeacon67,quietbeacon67@seeded.app,2026-01-19 11:57:19
62,dawnjourney24,dawnjourney24@example.com,2024-03-31 12:05:28
63,warmjourney67,warmjourney67@relay.cloud,2025-08-15 04:09:52
64,silverfield48,silverfield48@seeded.app,2026-01-09 09:11:46
65,youngzenith61,youngzenith61@seeded.app,2024-05-22 09:32:59
66,silversignal69,silversignal69@example.com,2025-12-30 22:42:38
67,clearfield72,clearfield72@opswise.net,2025-04-14 04:52:15
68,forestriver85,forestriver85@opswise.net,2025-08-26 17:45:35
69,cobaltzenith92,cobaltzenith92@opswise.net,2025-04-17 12:46:31
70,silveryard45,silveryard45@hackstack.io,2025-03-04 10:32:39
71,calmquartz28,calmquartz28@example.com,2025-12-02 08:34:01
72,tidyquartz05,tidyquartz05@seeded.app,2025-11-09 15:13:54
73,mellowsignal36,mellowsignal36@relay.cloud,2024-08-05 05:40:16
74,keenquartz61,keenquartz61@acme.dev,2024-03-13 19:14:03
75,tidyanchor06,tidyanchor06@seeded.app,2024-06-17 17:28:51
76,calmorbit63,calmorbit63@example.com,2026-01-16 09:02:26
77,urbanriver08,urbanriver08@acme.dev,2025-03-21 22:05:09
78,goldvalley88,goldvalley88@opswise.net,2025-12-17 04:02:02
79,opalmeadow26,opalmeadow26@relay.cloud,2024-01-29 01:50:58
80,rapidcanyon69,rapidcanyon69@example.com,2024-05-12 07:33:20
81,vividharvest05,vividharvest05@acme.dev,2025-05-22 01:57:33
82,proudsignal24,proudsignal24@seeded.app,2024-02-14 01:29:40
83,jadelagoon52,jadelagoon52@opswise.net,2024-02-02 23:14:14
84,dawnharvest40,dawnharvest40@hackstack.io,2024-06-11 07:01:51
85,harborgarden30,harborgarden30@relay.cloud,2024-06-02 05:23:18
86,clearmeadow36,clearmeadow36@opswise.net,2024-05-03 01:45:37
87,jadeharvest23,jadeharvest23@acme.dev,2024-12-12 15:50:03
88,jadelagoon33,jadelagoon33@relay.cloud,2025-05-24 21:21:43
89,warmtrail82,warmtrail82@acme.dev,2025-12-30 18:36:48
90,livelyquartz26,livelyquartz26@example.com,2024-05-08 11:34:09
91,mellowriver42,mellowriver42@example.com,2024-07-17 22:41:10
92,amberwindow47,amberwindow47@hackstack.io,2025-02-27 08:57:59
93,ivorywindow43,ivorywindow43@hackstack.io,2024-04-13 23:44:11
94,proudzenith69,proudzenith69@acme.dev,2026-01-09 23:27:19
95,dawntrail29,dawntrail29@relay.cloud,2024-05-04 10:15:53
96,amberjourney58,amberjourney58@relay.cloud,2025-07-20 19:59:44
97,vividsignal74,vividsignal74@seeded.app,2025-04-11 15:15:30
98,briskdelta28,briskdelta28@relay.cloud,2025-11-28 06:56:17
99,goldquartz53,goldquartz53@acme.dev,2026-01-23 11:57:55
100,mellowvalley78,mellowvalley78@relay.cloud,2025-03-31 11:22:09
101,clearmeadow98,clearmeadow98@relay.cloud,2024-05-18 18:36:25
102,silvervalley47,silvervalley47@seeded.app,2025-02-20 22:50:57
103,ivorypioneer37,ivorypioneer37@hackstack.io,2024-10-08 11:43:36
104,tidyengine22,tidyengine22@opswise.net,2024-06-10 04:44:01
105,cobaltsignal50,cobaltsignal50@seeded.app,2025-06-02 16:09:41
106,ambernetwork91,ambernetwork91@example.com,2025-11-29 02:23:29
107,silvervalley01,silvervalley01@example.com,2024-06-05 18:03:31
108,proudfield66,proudfield66@opswise.net,2025-10-01 06:26:23
109,harbordelta40,harbordelta40@example.com,2024-02-16 02:34:19
110,proudharvest81,proudharvest81@opswise.net,2025-02-14 00:56:10
111,opalkernel70,opalkernel70@seeded.app,2024-04-25 17:55:33
112,clearvalley39,clearvalley39@seeded.app,2024-03-24 00:21:12
113,urbanyard82,urbanyard82@seeded.app,2025-08-22 21:10:26
114,forestuplink36,forestuplink36@example.com,2025-01-16 04:51:30
115,warmwindow78,warmwindow78@hackstack.io,2025-09-16 10:58:50
116,opallagoon57,opallagoon57@acme.dev,2024-10-21 11:51:49
117,tidysignal51,tidysignal51@opswise.net,2024-09-22 18:38:06
118,briskriver41,briskriver41@acme.dev,2025-07-11 11:12:28
119,goldcanyon98,goldcanyon98@example.com,2025-09-21 05:44:45
120,keenisland42,keenisland42@opswise.net,2024-07-21 12:06:58
121,jadekernel86,jadekernel86@acme.dev,2025-06-20 10:19:02
122,jadekernel06,jadekernel06@hackstack.io,2024-07-24 03:33:57
123,tidyjourney18,tidyjourney18@seeded.app,2024-06-26 15:28:55
124,brisksignal04,brisksignal04@seeded.app,2025-04-07 11:53:42
125,vividmeadow58,vividmeadow58@acme.dev,2025-12-29 04:44:11
126,ivorydelta53,ivorydelta53@relay.cloud,2024-12-26 02:34:09
127,ambertrail94,ambertrail94@example.com,2026-01-23 11:03:38
128,goldanchor90,goldanchor90@relay.cloud,2024-09-05 06:13:01
129,ivorybeacon41,ivorybeacon41@relay.cloud,2024-04-21 17:17:35
130,livelysignal01,livelysignal01@acme.dev,2024-08-06 23:18:00
131,amberdelta20,amberdelta20@relay.cloud,2024-12-26 15:52:33
132,keenkernel27,keenkernel27@hackstack.io,2024-01-31 08:23:33
133,rapidtrail94,rapidtrail94@acme.dev,2024-08-19 22:20:45
134,youngfield09,youngfield09@example.com,2025-02-19 11:23:08
135,harborsignal94,harborsignal94@hackstack.io,2024-03-27 01:04:56
136,mellowuplink89,mellowuplink89@relay.cloud,2024-08-30 01:18:39
137,ivorytrail60,ivorytrail60@example.com,2024-07-04 06:05:06
138,opalzenith35,opalzenith35@opswise.net,2025-05-02 06:38:12
139,jadeengine98,jadeengine98@relay.cloud,2025-09-26 14:31:06
140,proudyard80,proudyard80@acme.dev,2024-02-25 03:35:00
141,clearjourney86,clearjourney86@hackstack.io,2024-02-08 16:32:02
142,opalyard12,opalyard12@opswise.net,2025-08-25 13:52:20
143,silvercanyon90,silvercanyon90@seeded.app,2026-01-13 10:10:22
144,forestlagoon53,forestlagoon53@seeded.app,2024-04-17 16:45:26
145,emberharvest95,emberharvest95@seeded.app,2025-07-22 23:17:45
146,keenzenith91,keenzenith91@seeded.app,2025-10-04 09:27:28
147,tidyquartz08,tidyquartz08@seeded.app,2024-04-15 16:09:06
148,rapidfield62,rapidfield62@relay.cloud,2025-03-30 10:55:53
149,urbangarden72,urbangarden72@hackstack.io,2025-07-26 09:21:50
150,jadefield34,jadefield34@opswise.net,2024-09-08 13:52:49
151,calmwindow75,calmwindow75@acme.dev,2026-01-16 05:14:18
152,navymeadow05,navymeadow05@example.com,2025-08-26 20:32:10
153,ivorywindow08,ivorywindow08@hackstack.io,2025-12-16 23:40:07
154,clearpioneer80,clearpioneer80@opswise.net,2026-01-11 19:18:12
155,cobaltharvest44,cobaltharvest44@example.com,2026-01-04 11:53:50
156,quietfield43,quietfield43@seeded.app,2024-02-06 21:24:37
157,foresttrail41,foresttrail41@opswise.net,2025-02-20 12:26:48
158,tidybeacon66,tidybeacon66@relay.cloud,2024-07-24 19:03:54
159,jadesignal85,jadesignal85@seeded.app,2024-11-16 14:04:21
160,clearzenith64,clearzenith64@opswise.net,2024-03-07 22:28:40
161,jadesignal21,jadesignal21@example.com,2025-04-20 08:30:00
162,opaljourney30,opaljourney30@hackstack.io,2024-09-22 16:45:07
163,proudengine34,proudengine34@opswise.net,2024-09-15 10:52:30
164,opaldelta11,opaldelta11@example.com,2025-08-14 08:13:16
165,goldanchor32,goldanchor32@relay.cloud,2024-06-21 10:51:52
166,calmriver73,calmriver73@opswise.net,2024-01-15 10:40:19
167,youngjourney10,youngjourney10@seeded.app,2025-07-20 15:29:28
168,harborbeacon39,harborbeacon39@hackstack.io,2025-02-18 20:41:05
169,goldengine60,goldengine60@relay.cloud,2024-10-12 21:06:20
170,ivoryyard22,ivoryyard22@opswise.net,2025-01-30 01:42:13
171,livelysignal40,livelysignal40@relay.cloud,2024-02-06 16:48:33
172,emberharvest91,emberharvest91@relay.cloud,2024-10-03 22:41:20
173,proudlagoon31,proudlagoon31@hackstack.io,2024-03-28 11:19:54
174,amberengine78,amberengine78@relay.cloud,2026-01-14 19:20:49
175,proudwindow87,proudwindow87@acme.dev,2025-11-11 01:25:33
176,forestyard34,forestyard34@hackstack.io,2025-08-18 12:37:18
177,urbanyard14,urbanyard14@hackstack.io,2025-11-18 05:46:34
178,keenpioneer18,keenpioneer18@acme.dev,2025-02-25 00:37:39
179,forestcanyon73,forestcanyon73@hackstack.io,2024-10-31 19:57:41
180,navyfield27,navyfield27@acme.dev,2025-03-06 03:46:00
181,youngriver27,youngriver27@hackstack.io,2025-06-01 14:53:02
182,embercanyon06,embercanyon06@example.com,2024-08-17 18:38:28
183,keennetwork35,keennetwork35@relay.cloud,2024-11-12 18:06:04
184,ivoryyard27,ivoryyard27@seeded.app,2024-10-03 06:27:53
185,forestnetwork87,forestnetwork87@seeded.app,2025-04-11 08:20:18
186,ivorygarden66,ivorygarden66@seeded.app,2025-10-16 20:00:06
187,navyjourney09,navyjourney09@seeded.app,2025-01-19 10:44:05
188,quietuplink25,quietuplink25@hackstack.io,2024-01-07 19:07:47
189,youngyard07,youngyard07@relay.cloud,2025-02-10 19:51:09
190,livelytrail14,livelytrail14@relay.cloud,2024-12-24 16:58:43
191,ambergarden37,ambergarden37@acme.dev,2025-03-25 20:01:35
192,quietfield02,quietfield02@example.com,2026-01-30 12:58:14
193,forestsignal98,forestsignal98@hackstack.io,2024-04-30 20:28:16
194,navyquartz06,navyquartz06@acme.dev,2025-01-18 04:21:37
195,forestjourney67,forestjourney67@example.com,2025-10-22 13:44:41
196,livelycanyon41,livelycanyon41@opswise.net,2024-02-10 09:31:14
197,melloworbit30,melloworbit30@opswise.net,2024-08-18 19:31:55
198,ivorymeadow81,ivorymeadow81@opswise.net,2024-08-17 03:42:41
199,forestpioneer88,forestpioneer88@hackstack.io,2024-12-21 20:12:16
200,navydelta43,navydelta43@hackstack.io,2024-10-04 15:02:34
201,rapidwindow16,rapidwindow16@relay.cloud,2024-08-09 19:01:53
202,keencanyon11,keencanyon11@acme.dev,2024-08-13 02:15:46
203,forestwindow77,forestwindow77@opswise.net,2025-06-28 11:19:54
204,opalharvest86,opalharvest86@relay.cloud,2024-03-18 12:32:37
205,clearjourney02,clearjourney02@opswise.net,2024-09-08 07:40:33
206,keenkernel51,keenkernel51@opswise.net,2026-01-28 03:39:30
207,silveranchor64,silveranchor64@acme.dev,2024-11-02 04:09:34
208,amberorbit40,amberorbit40@relay.cloud,2025-09-03 17:39:54
209,dawnkernel04,dawnkernel04@relay.cloud,2024-10-07 19:05:05
210,warmgarden99,warmgarden99@seeded.app,2025-02-02 21:16:37
211,rapidharvest93,rapidharvest93@seeded.app,2026-01-05 00:18:30
212,ambervalley97,ambervalley97@opswise.net,2025-08-14 05:03:01
213,urbanjourney79,urbanjourney79@example.com,2024-05-12 00:48:06
214,ivorylagoon60,ivorylagoon60@relay.cloud,2026-01-12 15:50:35
215,golddelta61,golddelta61@acme.dev,2025-04-13 12:32:16
216,navyharvest14,navyharvest14@acme.dev,2024-03-12 07:00:31
217,harborvalley79,harborvalley79@seeded.app,2025-07-19 16:24:53
218,opalbeacon58,opalbeacon58@opswise.net,2024-09-21 22:16:13
219,warmharvest47,warmharvest47@relay.cloud,2025-09-21 19:09:31
220,emberbeacon16,emberbeacon16@example.com,2024-07-12 19:47:12
221,opalcanyon64,opalcanyon64@relay.cloud,2025-11-17 07:38:38
222,briskriver69,briskriver69@hackstack.io,2024-06-06 00:12:07
223,mellowuplink41,mellowuplink41@example.com,2024-08-16 18:22:14
224,youngharvest36,youngharvest36@acme.dev,2025-01-23 07:47:11
225,ivoryengine31,ivoryengine31@seeded.app,2025-12-17 03:20:08
226,dawnnetwork55,dawnnetwork55@acme.dev,2024-04-05 04:50:03
227,tidygarden55,tidygarden55@acme.dev,2025-10-11 00:05:05
228,quietcanyon15,quietcanyon15@example.com,2025-08-28 16:34:48
229,mellowkernel67,mellowkernel67@example.com,2025-04-21 17:54:49
230,goldanchor10,goldanchor10@opswise.net,2024-08-26 02:02:08
231,rapidbeacon10,rapidbeacon10@acme.dev,2024-12-24 11:29:48
232,proudzenith69,proudzenith69@opswise.net,2025-08-20 00:10:57
233,silvervalley47,silvervalley47@hackstack.io,2024-02-28 21:29:46
234,youngvalley25,youngvalley25@hackstack.io,2024-11-02 08:01:50
235,livelyjourney97,livelyjourney97@hackstack.io,2025-01-14 02:44:53
236,opaltrail54,opaltrail54@example.com,2024-12-04 06:04:37
237,mellowquartz60,mellowquartz60@acme.dev,2024-11-22 00:00:51
238,dawnwindow24,dawnwindow24@seeded.app,2026-01-30 19:45:11
239,clearbeacon33,clearbeacon33@seeded.app,2025-10-05 23:11:55
240,clearjourney51,clearjourney51@opswise.net,2025-11-23 10:14:21
241,jadejourney11,jadejourney11@hackstack.io,2025-05-30 12:30:52
242,urbanisland82,urbanisland82@relay.cloud,2025-07-17 18:12:07
243,mellowlagoon10,mellowlagoon10@example.com,2026-01-15 12:49:42
244,keenmeadow54,keenmeadow54@seeded.app,2025-10-19 12:31:01
245,quietquartz68,quietquartz68@relay.cloud,2024-01-26 11:44:26
246,livelydelta01,livelydelta01@seeded.app,2025-10-12 06:00:23
247,briskdelta84,briskdelta84@relay.cloud,2025-09-01 19:18:22
248,youngvalley69,youngvalley69@opswise.net,2024-12-14 15:53:25
249,emberzenith22,emberzenith22@hackstack.io,2026-01-20 05:25:36
250,proudfield14,proudfield14@hackstack.io,2026-01-19 21:02:22
251,clearharvest35,clearharvest35@hackstack.io,2025-07-18 21:54:01
252,silvertrail59,silvertrail59@relay.cloud,2024-02-19 18:11:05
253,navykernel59,navykernel59@relay.cloud,2024-10-12 21:31:28
254,emberquartz96,emberquartz96@hackstack.io,2024-10-31 06:38:52
255,clearzenith85,clearzenith85@relay.cloud,2025-02-04 17:36:15
256,brisksignal43,brisksignal43@example.com,2025-01-17 12:05:55
257,rapidvalley60,rapidvalley60@example.com,2025-11-01 17:03:53
258,livelyzenith37,livelyzenith37@relay.cloud,2024-04-17 14:28:07
259,quietgarden66,quietgarden66@hackstack.io,2025-08-21 23:38:19
260,clearanchor14,clearanchor14@hackstack.io,2025-11-26 05:25:55
261,warmlagoon84,warmlagoon84@hackstack.io,2024-01-18 10:42:40
262,urbanzenith00,urbanzenith00@relay.cloud,2024-05-09 08:42:32
263,tidygarden87,tidygarden87@seeded.app,2024-12-23 11:35:41
264,calmfield32,calmfield32@opswise.net,2025-05-02 03:43:50
265,mellowsignal78,mellowsignal78@hackstack.io,2025-07-19 08:53:06
266,ivoryorbit82,ivoryorbit82@hackstack.io,2024-12-19 15:56:52
267,ambersignal72,ambersignal72@relay.cloud,2025-01-27 19:41:54
268,goldfield53,goldfield53@opswise.net,2025-12-09 00:33:39
269,mellownetwork16,mellownetwork16@seeded.app,2024-01-18 01:21:56
270,calmbeacon55,calmbeacon55@opswise.net,2025-10-09 02:26:14
271,quietharvest70,quietharvest70@relay.cloud,2024-03-19 13:22:26
272,ivorybeacon44,ivorybeacon44@acme.dev,2024-06-11 08:40:50
273,briskorbit07,briskorbit07@opswise.net,2024-04-06 06:41:56
274,mellowmeadow79,mellowmeadow79@seeded.app,2025-05-30 21:56:43
275,opalisland42,opalisland42@seeded.app,2025-08-19 22:13:37
276,tidyquartz02,tidyquartz02@acme.dev,2025-10-03 20:04:51
277,warmjourney23,warmjourney23@opswise.net,2025-12-08 12:33:01
278,briskpioneer28,briskpioneer28@example.com,2024-12-16 09:38:27
279,ivorykernel00,ivorykernel00@opswise.net,2024-04-29 03:40:59
280,silverkernel92,silverkernel92@seeded.app,2025-01-22 10:19:22
281,harborgarden98,harborgarden98@relay.cloud,2025-08-23 19:49:18
282,ambergarden79,ambergarden79@opswise.net,2024-02-20 14:27:53
283,ambernetwork69,ambernetwork69@relay.cloud,2024-07-19 17:00:10
284,navydelta33,navydelta33@example.com,2024-12-11 12:32:53
285,forestvalley63,forestvalley63@hackstack.io,2026-01-12 21:26:15
286,vividcanyon54,vividcanyon54@relay.cloud,2025-11-06 10:17:59
287,calmkernel52,calmkernel52@seeded.app,2025-01-30 10:01:37
288,vividnetwork14,vividnetwork14@seeded.app,2025-12-01 01:51:41
289,emberjourney91,emberjourney91@acme.dev,2025-12-26 22:27:28
290,calmquartz82,calmquartz82@acme.dev,2025-08-30 04:09:27
291,warmjourney28,warmjourney28@seeded.app,2025-02-17 05:00:36
292,livelyvalley38,livelyvalley38@hackstack.io,2024-12-22 16:33:47
293,rapidtrail26,rapidtrail26@hackstack.io,2024-04-18 10:22:34
294,ivoryriver58,ivoryriver58@example.com,2024-08-21 16:05:36
295,rapidbeacon02,rapidbeacon02@opswise.net,2024-10-16 02:17:26
296,amberengine39,amberengine39@acme.dev,2024-08-15 00:36:12
297,quietyard80,quietyard80@opswise.net,2024-08-17 11:07:13
298,harborzenith95,harborzenith95@seeded.app,2026-01-06 23:20:08
299,cobaltpioneer46,cobaltpioneer46@relay.cloud,2024-09-16 22:46:29
300,livelyorbit46,livelyorbit46@opswise.net,2025-07-02 15:33:22
301,calmvalley23,calmvalley23@hackstack.io,2025-03-22 16:08:33
302,navywindow57,navywindow57@acme.dev,2025-09-30 14:20:29
303,goldorbit98,goldorbit98@seeded.app,2025-03-07 18:38:05
304,quietjourney10,quietjourney10@relay.cloud,2024-12-23 23:04:37
305,harborvalley20,harborvalley20@opswise.net,2024-09-08 18:40:40
306,vividanchor37,vividanchor37@hackstack.io,2025-06-05 09:01:05
307,ivoryquartz63,ivoryquartz63@acme.dev,2024-05-19 07:38:06
308,ivorysignal84,ivorysignal84@opswise.net,2024-04-12 15:39:33
309,proudjourney63,proudjourney63@opswise.net,2025-05-02 05:28:46
310,ivorybeacon03,ivorybeacon03@hackstack.io,2025-08-03 08:20:43
311,youngsignal34,youngsignal34@seeded.app,2025-10-09 18:53:47
312,vividyard52,vividyard52@relay.cloud,2025-01-23 21:39:54
313,emberjourney36,emberjourney36@seeded.app,2025-07-17 05:20:39
314,mellowcanyon22,mellowcanyon22@opswise.net,2024-07-10 18:04:25
315,keenpioneer64,keenpioneer64@example.com,2024-01-16 23:25:04
316,emberzenith36,emberzenith36@example.com,2024-08-08 07:48:53
317,goldwindow57,goldwindow57@relay.cloud,2024-07-01 21:32:38
318,clearorbit69,clearorbit69@acme.dev,2024-03-20 11:18:42
319,mellowwindow85,mellowwindow85@example.com,2025-04-06 11:17:50
320,amberisland13,amberisland13@example.com,2024-08-01 18:48:00
321,warmfield35,warmfield35@relay.cloud,2024-06-10 16:30:16
322,briskyard22,briskyard22@opswise.net,2025-01-09 21:36:34
323,briskengine33,briskengine33@opswise.net,2024-01-22 23:41:42
324,warmsignal12,warmsignal12@opswise.net,2024-02-17 14:05:47
325,clearnetwork43,clearnetwork43@hackstack.io,2025-07-22 16:48:30
326,goldgarden17,goldgarden17@seeded.app,2025-03-10 08:01:44
327,harboryard88,harboryard88@acme.dev,2024-12-19 04:51:31
328,proudkernel04,proudkernel04@acme.dev,2024-03-05 12:39:29
329,harborengine87,harborengine87@relay.cloud,2025-05-16 20:38:16
330,prouddelta71,prouddelta71@relay.cloud,2025-02-23 07:43:19
331,harborpioneer15,harborpioneer15@opswise.net,2025-10-29 05:26:00
332,amberfield77,amberfield77@relay.cloud,2024-12-15 02:22:10
333,emberengine35,emberengine35@seeded.app,2025-02-01 03:04:29
334,harbordelta69,harbordelta69@relay.cloud,2024-06-11 01:43:17
335,jadelagoon90,jadelagoon90@seeded.app,2024-04-23 02:42:04
336,emberuplink20,emberuplink20@relay.cloud,2024-09-29 07:11:18
337,calmengine88,calmengine88@acme.dev,2025-11-17 04:26:55
338,keenengine97,keenengine97@example.com,2024-10-07 19:15:41
339,silveranchor60,silveranchor60@seeded.app,2025-10-15 05:03:49
340,livelygarden78,livelygarden78@relay.cloud,2025-08-18 21:19:38
341,vividkernel78,vividkernel78@relay.cloud,2024-09-16 04:53:04
342,mellowcanyon48,mellowcanyon48@hackstack.io,2025-02-19 09:10:46
343,forestisland75,forestisland75@example.com,2025-02-17 12:08:33
344,urbanyard60,urbanyard60@example.com,2025-02-24 13:43:41
345,livelyvalley28,livelyvalley28@acme.dev,2024-11-01 19:42:13
346,dawnnetwork86,dawnnetwork86@seeded.app,2024-03-10 10:46:08
347,youngsignal70,youngsignal70@example.com,2024-12-22 04:08:23
348,urbanzenith90,urbanzenith90@example.com,2025-12-24 20:34:05
349,harboranchor48,harboranchor48@opswise.net,2025-11-02 04:49:26
350,proudwindow26,proudwindow26@opswise.net,2025-04-25 22:14:24
351,jadefield33,jadefield33@relay.cloud,2025-08-02 07:53:13
352,silvernetwork29,silvernetwork29@opswise.net,2024-09-19 08:11:32
353,ivoryvalley77,ivoryvalley77@hackstack.io,2024-04-20 22:24:25
354,harborbeacon45,harborbeacon45@seeded.app,2025-04-04 19:38:01
355,proudpioneer22,proudpioneer22@hackstack.io,2024-04-02 09:26:07
356,forestsignal54,forestsignal54@seeded.app,2024-05-28 09:29:13
357,calmpioneer62,calmpioneer62@relay.cloud,2024-08-14 11:33:25
358,forestquartz27,forestquartz27@acme.dev,2024-06-18 02:48:16
359,calmzenith05,calmzenith05@example.com,2025-11-12 03:33:53
360,clearbeacon68,clearbeacon68@relay.cloud,2024-11-03 12:59:45
361,cobaltsignal25,cobaltsignal25@seeded.app,2024-10-10 07:53:02
362,ivorybeacon11,ivorybeacon11@acme.dev,2024-04-06 23:12:16
363,goldfield68,goldfield68@acme.dev,2025-02-24 11:52:31
364,younguplink34,younguplink34@seeded.app,2025-03-06 21:32:51
365,calmzenith98,calmzenith98@opswise.net,2025-02-01 06:08:46
366,silverjourney21,silverjourney21@seeded.app,2025-03-03 13:05:27
367,forestorbit91,forestorbit91@relay.cloud,2025-05-19 19:02:18
368,silverlagoon44,silverlagoon44@acme.dev,2024-06-16 13:17:45
369,navyisland62,navyisland62@opswise.net,2025-09-18 17:50:28
370,rapiddelta92,rapiddelta92@hackstack.io,2024-12-02 18:55:01
371,tidytrail68,tidytrail68@seeded.app,2025-02-22 18:39:29
372,quietwindow73,quietwindow73@example.com,2024-10-14 09:29:04
373,briskquartz97,briskquartz97@relay.cloud,2025-05-29 21:36:28
374,opalpioneer48,opalpioneer48@example.com,2025-05-03 14:46:35
375,dawnharvest66,dawnharvest66@acme.dev,2025-06-05 17:11:04
376,navyuplink32,navyuplink32@acme.dev,2024-07-20 17:36:25
377,harborgarden09,harborgarden09@example.com,2024-03-22 15:55:40
378,amberzenith81,amberzenith81@opswise.net,2024-06-13 21:03:12
379,keenyard51,keenyard51@acme.dev,2025-06-27 02:54:02
380,quietgarden21,quietgarden21@seeded.app,2025-09-13 11:45:07
381,quietriver78,quietriver78@hackstack.io,2025-05-24 07:28:23
382,vividgarden94,vividgarden94@seeded.app,2026-01-20 04:51:01
383,rapidkernel41,rapidkernel41@opswise.net,2025-03-15 01:32:47
384,livelyorbit12,livelyorbit12@relay.cloud,2025-07-20 22:24:28
385,briskquartz30,briskquartz30@example.com,2025-08-11 16:06:55
386,ivoryvalley92,ivoryvalley92@opswise.net,2025-07-14 08:03:20
387,mellowgarden21,mellowgarden21@hackstack.io,2024-02-20 19:08:15
388,youngkernel09,youngkernel09@seeded.app,2026-01-02 21:47:58
389,youngzenith09,youngzenith09@seeded.app,2024-08-27 04:42:55
390,emberwindow95,emberwindow95@acme.dev,2024-11-01 05:54:55
391,tidyriver84,tidyriver84@seeded.app,2024-06-03 08:12:03
392,silversignal25,silversignal25@seeded.app,2024-03-31 01:18:32
393,silversignal14,silversignal14@opswise.net,2025-11-22 18:27:51
394,youngengine62,youngengine62@acme.dev,2025-06-12 19:21:53
395,forestwindow21,forestwindow21@relay.cloud,2024-01-18 13:25:02
396,jadejourney29,jadejourney29@seeded.app,2025-08-23 22:51:56
397,rapidanchor44,rapidanchor44@acme.dev,2025-07-15 05:39:36
398,proudisland65,proudisland65@example.com,2025-02-17 19:19:10
399,goldisland37,goldisland37@example.com,2025-08-17 12:28:54
400,melloworbit57,melloworbit57@example.com,2024-07-18 11:58:28
